COMPONENT,MATRIX,UNIT
1-2-3-4-tetrachlorobenzene,aerosol,pg/m3
1-2-3-4-tetrachlorobenzene,air,pg/m3
1-2-3-4-tetrachlorobenzene,air+aerosol,pg/m3
1-2-3-4-tetrahydronaphthalene,aerosol,pg/m3
1-2-3-4-tetrahydronaphthalene,air,pg/m3
1-2-3-4-tetrahydronaphthalene,air+aerosol,pg/m3
1-2-3-trichlorobenzene,aerosol,pg/m3
1-2-3-trichlorobenzene,air,pg/m3
1-2-3-trichlorobenzene,air+aerosol,pg/m3
1-2-3-trimethylbenzene,air,pmol/mol
1-2-4-5-tetrachlorobenzene,aerosol,pg/m3
1-2-4-5-tetrachlorobenzene,air,pg/m3
1-2-4-5-tetrachlorobenzene,air+aerosol,pg/m3
1-2-4-trichlorobenzene,aerosol,pg/m3
1-2-4-trichlorobenzene,air,pg/m3
1-2-4-trichlorobenzene,air+aerosol,pg/m3
1-2-4-trimethylbenzene,air,pmol/mol
1-2-dichlorobenzene,aerosol,pg/m3
1-2-dichlorobenzene,air,pg/m3
1-2-dichlorobenzene,air+aerosol,pg/m3
1-3-5-trichlorobenzene,aerosol,pg/m3
1-3-5-trichlorobenzene,air,pg/m3
1-3-5-trichlorobenzene,air+aerosol,pg/m3
1-3-5-trimethylbenzene,air,pmol/mol
1-3-butadiene,air,pmol/mol
1-3-dichlorobenzene,aerosol,pg/m3
1-3-dichlorobenzene,air,pg/m3
1-3-dichlorobenzene,air+aerosol,pg/m3
1-4-dichlorobenzene,aerosol,pg/m3
1-4-dichlorobenzene,air,pg/m3
1-4-dichlorobenzene,air+aerosol,pg/m3
1-butene,air,pmol/mol
1-butyne,air,pmol/mol
1-ethyl-3-methylbenzene,air,pmol/mol
1-ethyl-4-methylbenzene,air,pmol/mol
1-hexene,air,pmol/mol
1-methylanthracene,air+aerosol,ng/m3
1-methylanthracene,wetdep,ng/m2day
1-methylnaphthalene,aerosol,ng/m3
1-methylnaphthalene,air,ng/m3
1-methylnaphthalene,air+aerosol,ng/m3
1-methylnaphthalene,precip,ng/l
1-methylnaphthalene,wetdep,ng/m2day
1-methylphenanthrene,air+aerosol,ng/m3
1-methylphenanthrene,precip,ng/l
1-methylphenanthrene,wetdep,ng/m2day
1-pentene,air,pmol/mol
1234678_HpCDD,aerosol,fg/m3
1234678_HpCDD,air,fg/m3
1234678_HpCDD,air+aerosol,fg/m3
1234678_HpCDD,precip,ng/l
1234678_HpCDF,aerosol,fg/m3
1234678_HpCDF,air,fg/m3
1234678_HpCDF,air+aerosol,fg/m3
1234678_HpCDF,precip,ng/l
1234789_HpCDF,aerosol,fg/m3
1234789_HpCDF,air,fg/m3
1234789_HpCDF,air+aerosol,fg/m3
1234789_HpCDF,precip,ng/l
123478_HxCDD,aerosol,fg/m3
123478_HxCDD,air,fg/m3
123478_HxCDD,air+aerosol,fg/m3
123478_HxCDD,precip,ng/l
123478_HxCDF,aerosol,fg/m3
123478_HxCDF,air,fg/m3
123478_HxCDF,air+aerosol,fg/m3
123478_HxCDF,precip,ng/l
123678_HxCDD,aerosol,fg/m3
123678_HxCDD,air,fg/m3
123678_HxCDD,air+aerosol,fg/m3
123678_HxCDD,precip,ng/l
123678_HxCDF,aerosol,fg/m3
123678_HxCDF,air,fg/m3
123678_HxCDF,air+aerosol,fg/m3
123678_HxCDF,precip,ng/l
123789_HxCDD,aerosol,fg/m3
123789_HxCDD,air,fg/m3
123789_HxCDD,air+aerosol,fg/m3
123789_HxCDD,precip,ng/l
123789_HxCDF,aerosol,fg/m3
123789_HxCDF,air,fg/m3
123789_HxCDF,air+aerosol,fg/m3
123789_HxCDF,precip,ng/l
12378_PeCDD,aerosol,fg/m3
12378_PeCDD,air,fg/m3
12378_PeCDD,air+aerosol,fg/m3
12378_PeCDD,precip,ng/l
12378_PeCDF,aerosol,fg/m3
12378_PeCDF,air,fg/m3
12378_PeCDF,air+aerosol,fg/m3
12378_PeCDF,precip,ng/l
2+3-methylheptane,air,pmol/mol
2+3metylheptan,air,pmol/mol
2-2-3-trimethylbutane,air,pmol/mol
2-2-4-trimethylbenzene,air,pmol/mol
2-2-4-trimethylpentane,air,pmol/mol
2-2-dimethylbutane,air,pmol/mol
2-2-dimethylpentane,air,pmol/mol
2-2-dimethylpropane,air,pmol/mol
2-3-dimethylbutane,air,pmol/mol
2-3-dimethylpentane,air,pmol/mol
2-4-dimethylpentane,air,pmol/mol
2-butenal,air,ug/m3
2-chloronaphthalene,aerosol,pg/m3
2-chloronaphthalene,air,pg/m3
2-chloronaphthalene,air+aerosol,pg/m3
2-methyl-1-butene,air,pmol/mol
2-methyl-2-propenal,air,ug/m3
2-methylanthracene,air+aerosol,ng/m3
2-methylanthracene,precip,ng/l
2-methylanthracene,wetdep,ng/m2day
2-methylbenzaldehyde,air,ug/m3
2-methylbutane,air,pmol/mol
2-methylerythritol,aerosol,ng/m3
2-methylerythritol,pm10,ng/m3
2-methylerythritol,pm25,ng/m3
2-methylheptane,air,pmol/mol
2-methylhexane,air,pmol/mol
2-methylnaphthalene,aerosol,ng/m3
2-methylnaphthalene,air,ng/m3
2-methylnaphthalene,air+aerosol,ng/m3
2-methylnaphthalene,precip,ng/l
2-methylnaphthalene,wetdep,ng/m2day
2-methylpentane,air,pmol/mol
2-methylphenanthrene,air+aerosol,ng/m3
2-methylphenanthrene,precip,ng/l
2-methylphenanthrene,wetdep,ng/m2day
2-methylpropane,air,pmol/mol
2-methylpropenal,air,ug/m3
2-methylpropene,air,pmol/mol
2-methylthreitol,aerosol,ng/m3
2-methylthreitol,pm10,ng/m3
2-methylthreitol,pm25,ng/m3
2-oxopropanal,air,ug/m3
2-propanol,air,ug/m3
2-propenal,air,ug/m3
234678_HxCDF,aerosol,fg/m3
234678_HxCDF,air,fg/m3
234678_HxCDF,air+aerosol,fg/m3
234678_HxCDF,precip,ng/l
23478_PeCDF,aerosol,fg/m3
23478_PeCDF,air,fg/m3
23478_PeCDF,air+aerosol,fg/m3
23478_PeCDF,precip,ng/l
2378_TCDD,aerosol,fg/m3
2378_TCDD,air,fg/m3
2378_TCDD,air+aerosol,fg/m3
2378_TCDD,precip,ng/l
2378_TCDF,aerosol,fg/m3
2378_TCDF,air,fg/m3
2378_TCDF,air+aerosol,fg/m3
2378_TCDF,precip,ng/l
3-3-dimethylpentane,air,pmol/mol
3-buten-2-one,air,ug/m3
3-methyl-1-butene,air,pmol/mol
3-methylbenzaldehyde,air,ug/m3
3-methylbutanal,air,ug/m3
3-methylheptane,air,pmol/mol
3-methylpentane,air,pmol/mol
3-methylphenanthrene,air+aerosol,ng/m3
3-methylphenanthrene,precip,ng/l
4-5-methylenephenanthrene,air+aerosol,ng/m3
4-5-methylenephenanthrene,wetdep,ng/m2day
4-methylbenzaldehyde,air,ug/m3
5-methylchrysene,aerosol,ng/m3
5-methylchrysene,air+aerosol,ng/m3
5-methylchrysene,pm10,ng/m3
5-methylchrysene,wetdep,ng/m2day
9-methylphenanthrene,air+aerosol,ng/m3
9-methylphenanthrene,precip,ng/l
9-methylphenanthrene,wetdep,ng/m2day
ATE,aerosol,pg/m3
ATE,air,pg/m3
ATE,air+aerosol,pg/m3
ATE,air+pm10,pg/m3
ATE,pm10,pg/m3
ATE,pm25,pg/m3
BATE,aerosol,pg/m3
BATE,air,pg/m3
BATE,air+aerosol,pg/m3
BATE,air+pm10,pg/m3
BATE,pm10,pg/m3
BATE,pm25,pg/m3
BB_101,aerosol,pg/m3
BB_101,air,pg/m3
BB_101,air+aerosol,pg/m3
BB_101,air+pm10,pg/m3
BB_101,pm10,pg/m3
BB_101,pm25,pg/m3
BB_15,air+aerosol,pg/m3
BB_153,air+aerosol,pg/m3
BDE_100,aerosol,pg/m3
BDE_100,air,pg/m3
BDE_100,air+aerosol,pg/m3
BDE_100,dried_moss,pg/g
BDE_100,precip,ng/l
BDE_100,precip+dry_dep,ng/m2day
BDE_119,aerosol,pg/m3
BDE_119,air,pg/m3
BDE_119,air+aerosol,pg/m3
BDE_119,dried_moss,pg/g
BDE_126,dried_moss,pg/g
BDE_138,aerosol,pg/m3
BDE_138,air,pg/m3
BDE_138,air+aerosol,pg/m3
BDE_138,dried_moss,pg/g
BDE_15,aerosol,pg/m3
BDE_15,air,pg/m3
BDE_15,air+aerosol,pg/m3
BDE_153,aerosol,pg/m3
BDE_153,air,pg/m3
BDE_153,air+aerosol,pg/m3
BDE_153,dried_moss,pg/g
BDE_154,aerosol,pg/m3
BDE_154,air,pg/m3
BDE_154,air+aerosol,pg/m3
BDE_154,dried_moss,pg/g
BDE_155,aerosol,pg/m3
BDE_155,air,pg/m3
BDE_155,air+aerosol,pg/m3
BDE_156,dried_moss,pg/g
BDE_166,aerosol,pg/m3
BDE_166,air,pg/m3
BDE_166,air+aerosol,pg/m3
BDE_17,aerosol,pg/m3
BDE_17,air,pg/m3
BDE_17,air+aerosol,pg/m3
BDE_17,dried_moss,pg/g
BDE_183,aerosol,pg/m3
BDE_183,air,pg/m3
BDE_183,air+aerosol,pg/m3
BDE_183,dried_moss,pg/g
BDE_184,dried_moss,pg/g
BDE_190,aerosol,pg/m3
BDE_190,air,pg/m3
BDE_190,air+aerosol,pg/m3
BDE_191,dried_moss,pg/g
BDE_196,air+aerosol,pg/m3
BDE_196,dried_moss,pg/g
BDE_197,dried_moss,pg/g
BDE_202,dried_moss,pg/g
BDE_203,aerosol,pg/m3
BDE_203,air,pg/m3
BDE_203,air+aerosol,pg/m3
BDE_205,aerosol,pg/m3
BDE_205,air,pg/m3
BDE_205,air+aerosol,pg/m3
BDE_206,aerosol,pg/m3
BDE_206,air,pg/m3
BDE_206,air+aerosol,pg/m3
BDE_206,dried_moss,pg/g
BDE_207,aerosol,pg/m3
BDE_207,air,pg/m3
BDE_207,air+aerosol,pg/m3
BDE_207,dried_moss,pg/g
BDE_209,aerosol,pg/m3
BDE_209,air,pg/m3
BDE_209,air+aerosol,pg/m3
BDE_209,dried_moss,pg/g
BDE_209,precip+dry_dep,ng/m2day
BDE_25_28,aerosol,pg/m3
BDE_25_28,air,pg/m3
BDE_25_28,air+aerosol,pg/m3
BDE_28,aerosol,pg/m3
BDE_28,air,pg/m3
BDE_28,air+aerosol,pg/m3
BDE_28,dried_moss,pg/g
BDE_47,aerosol,pg/m3
BDE_47,air,pg/m3
BDE_47,air+aerosol,pg/m3
BDE_47,dried_moss,pg/g
BDE_47,precip,ng/l
BDE_47,precip+dry_dep,ng/m2day
BDE_49,aerosol,pg/m3
BDE_49,air,pg/m3
BDE_49,air+aerosol,pg/m3
BDE_49,dried_moss,pg/g
BDE_49+71,air+aerosol,pg/m3
BDE_66,aerosol,pg/m3
BDE_66,air,pg/m3
BDE_66,air+aerosol,pg/m3
BDE_66,dried_moss,pg/g
BDE_7,aerosol,pg/m3
BDE_7,air,pg/m3
BDE_7,air+aerosol,pg/m3
BDE_71,aerosol,pg/m3
BDE_71,air,pg/m3
BDE_71,air+aerosol,pg/m3
BDE_71,dried_moss,pg/g
BDE_77,air+aerosol,pg/m3
BDE_77,dried_moss,pg/g
BDE_85,air,pg/m3
BDE_85,air+aerosol,pg/m3
BDE_85,dried_moss,pg/g
BDE_85+126,aerosol,pg/m3
BDE_85+126,air,pg/m3
BDE_85+126,air+aerosol,pg/m3
BDE_99,aerosol,pg/m3
BDE_99,air,pg/m3
BDE_99,air+aerosol,pg/m3
BDE_99,dried_moss,pg/g
BDE_99,precip,ng/l
BDE_99,precip+dry_dep,ng/m2day
BEHTBP,aerosol,pg/m3
BEHTBP,air,pg/m3
BEHTBP,air+aerosol,pg/m3
BEHTBP,air+pm10,pg/m3
BEHTBP,pm10,pg/m3
BEHTBP,pm25,pg/m3
BPA,air+aerosol,pg/m3
BTBPE,aerosol,pg/m3
BTBPE,air,pg/m3
BTBPE,air+aerosol,pg/m3
BTBPE,air+pm10,pg/m3
BTBPE,pm10,pg/m3
BTBPE,pm25,pg/m3
C8-alkylbenzenes,air,pmol/mol
C9-alkylbenzenes,air,pmol/mol
CFC-11,air,pmol/mol
CFC-113,air,pmol/mol
CFC-114,air,pmol/mol
CFC-115,air,pmol/mol
CFC-12,air,pmol/mol
DBDPE,air+aerosol,pg/m3
DPTE,aerosol,pg/m3
DPTE,air,pg/m3
DPTE,air+aerosol,pg/m3
DPTE,air+pm10,pg/m3
DPTE,pm10,pg/m3
DPTE,pm25,pg/m3
EHTBB,air+aerosol,pg/m3
FTS_6-2,air+aerosol,pg/m3
FTS_8-2,air+aerosol,pg/m3
H-1211,air,pmol/mol
H-1301,air,pmol/mol
H-2402,air,pmol/mol
HBB,aerosol,pg/m3
HBB,air,pg/m3
HBB,air+aerosol,pg/m3
HBB,air+pm10,pg/m3
HBB,pm10,pg/m3
HBB,pm25,pg/m3
HBCD,aerosol,pg/m3
HBCD,air,pg/m3
HBCD,air+aerosol,pg/m3
HCB,aerosol,pg/m3
HCB,air,pg/m3
HCB,air+aerosol,pg/m3
HCB,air+pm10,pg/m3
HCB,dried_moss,pg/g
HCB,precip,ng/l
HCB,precip+dry_dep,ng/m2day
HCB,precip_tot,ng/l
HCBD,aerosol,pg/m3
HCBD,air,pg/m3
HCBD,air+aerosol,pg/m3
HCCPD,air+aerosol,pg/m3
HCFC-124,air,pmol/mol
HCFC-141b,air,pmol/mol
HCFC-142b,air,pmol/mol
HCFC-22,air,pmol/mol
HFC-125,air,pmol/mol
HFC-134a,air,pmol/mol
HFC-143a,air,pmol/mol
HFC-152a,air,pmol/mol
HFC-227,air,pmol/mol
HFC-227ea,air,pmol/mol
HFC-23,air,pmol/mol
HFC-236fa,air,pmol/mol
HFC-245fa,air,pmol/mol
HFC-32,air,pmol/mol
HFC-365mfc,air,pmol/mol
HFC-4310mee,air,pmol/mol
MVK_MACR_crotonaldehyde,air,pmol/mol
NOx,air,ug N/m3
NOy,air,nmol/mol
OBIND,aerosol,pg/m3
OBIND,air,pg/m3
OBIND,air+aerosol,pg/m3
OBIND,air+pm10,pg/m3
OBIND,pm10,pg/m3
OBIND,pm25,pg/m3
OCDD,aerosol,fg/m3
OCDD,air,fg/m3
OCDD,air+aerosol,fg/m3
OCDD,precip,ng/l
OCDF,aerosol,fg/m3
OCDF,air,fg/m3
OCDF,air+aerosol,fg/m3
OCDF,precip,ng/l
PBBA,aerosol,pg/m3
PBBA,air,pg/m3
PBBA,air+aerosol,pg/m3
PBBA,air+pm10,pg/m3
PBBA,pm10,pg/m3
PBBA,pm25,pg/m3
PBBZ,aerosol,pg/m3
PBBZ,air,pg/m3
PBBZ,air+aerosol,pg/m3
PBBZ,air+pm10,pg/m3
PBBZ,pm10,pg/m3
PBBZ,pm25,pg/m3
PBEB,aerosol,pg/m3
PBEB,air,pg/m3
PBEB,air+aerosol,pg/m3
PBEB,air+pm10,pg/m3
PBEB,pm10,pg/m3
PBEB,pm25,pg/m3
PBT,aerosol,pg/m3
PBT,air,pg/m3
PBT,air+aerosol,pg/m3
PBT,air+pm10,pg/m3
PBT,pm10,pg/m3
PBT,pm25,pg/m3
PCB_1,aerosol,pg/m3
PCB_1,air,pg/m3
PCB_1,air+aerosol,pg/m3
PCB_100,air+aerosol,pg/m3
PCB_101,aerosol,pg/m3
PCB_101,air,pg/m3
PCB_101,air+aerosol,pg/m3
PCB_101,air+pm10,pg/m3
PCB_101,dried_moss,pg/g
PCB_101,precip,ng/l
PCB_101,precip+dry_dep,ng/m2day
PCB_101,precip_tot,ng/l
PCB_105,aerosol,pg/m3
PCB_105,air,pg/m3
PCB_105,air+aerosol,pg/m3
PCB_105,dried_moss,pg/g
PCB_105,precip,ng/l
PCB_107,air+aerosol,pg/m3
PCB_110,aerosol,pg/m3
PCB_110,air,pg/m3
PCB_110,air+aerosol,pg/m3
PCB_114,aerosol,pg/m3
PCB_114,air,pg/m3
PCB_114,air+aerosol,pg/m3
PCB_114,dried_moss,pg/g
PCB_114,precip,ng/l
PCB_118,aerosol,pg/m3
PCB_118,air,pg/m3
PCB_118,air+aerosol,pg/m3
PCB_118,air+pm10,pg/m3
PCB_118,dried_moss,pg/g
PCB_118,precip,ng/l
PCB_118,precip+dry_dep,ng/m2day
PCB_118,precip_tot,ng/l
PCB_119,aerosol,pg/m3
PCB_119,air,pg/m3
PCB_119,air+aerosol,pg/m3
PCB_12+13,air+aerosol,pg/m3
PCB_122,air+aerosol,pg/m3
PCB_122,dried_moss,pg/g
PCB_123,aerosol,pg/m3
PCB_123,air,pg/m3
PCB_123,air+aerosol,pg/m3
PCB_123,dried_moss,pg/g
PCB_123,precip,ng/l
PCB_126,aerosol,pg/m3
PCB_126,air,pg/m3
PCB_126,air+aerosol,pg/m3
PCB_126,precip,ng/l
PCB_128,aerosol,pg/m3
PCB_128,air,pg/m3
PCB_128,air+aerosol,pg/m3
PCB_128,dried_moss,pg/g
PCB_128,precip,ng/l
PCB_129,air+aerosol,pg/m3
PCB_130,air+aerosol,pg/m3
PCB_130+176,aerosol,pg/m3
PCB_130+176,air,pg/m3
PCB_130+176,air+aerosol,pg/m3
PCB_131,aerosol,pg/m3
PCB_131,air,pg/m3
PCB_131,air+aerosol,pg/m3
PCB_132,aerosol,pg/m3
PCB_132,air,pg/m3
PCB_132,air+aerosol,pg/m3
PCB_133,air+aerosol,pg/m3
PCB_134,aerosol,pg/m3
PCB_134,air,pg/m3
PCB_134,air+aerosol,pg/m3
PCB_134+131,air+aerosol,pg/m3
PCB_136,aerosol,pg/m3
PCB_136,air,pg/m3
PCB_136,air+aerosol,pg/m3
PCB_137,aerosol,pg/m3
PCB_137,air,pg/m3
PCB_137,air+aerosol,pg/m3
PCB_138,aerosol,pg/m3
PCB_138,air,pg/m3
PCB_138,air+aerosol,pg/m3
PCB_138,air+pm10,pg/m3
PCB_138,dried_moss,pg/g
PCB_138,precip,ng/l
PCB_138,precip+dry_dep,ng/m2day
PCB_138,precip_tot,ng/l
PCB_141,aerosol,pg/m3
PCB_141,air,pg/m3
PCB_141,air+aerosol,pg/m3
PCB_141,dried_moss,pg/g
PCB_144+135,aerosol,pg/m3
PCB_144+135,air,pg/m3
PCB_144+135,air+aerosol,pg/m3
PCB_146,aerosol,pg/m3
PCB_146,air,pg/m3
PCB_146,air+aerosol,pg/m3
PCB_147,air+aerosol,pg/m3
PCB_149,aerosol,pg/m3
PCB_149,air,pg/m3
PCB_149,air+aerosol,pg/m3
PCB_149,dried_moss,pg/g
PCB_149,precip,ng/l
PCB_15,aerosol,pg/m3
PCB_15,air,pg/m3
PCB_15,air+aerosol,pg/m3
PCB_15+17,air+aerosol,pg/m3
PCB_150,air+aerosol,pg/m3
PCB_151,aerosol,pg/m3
PCB_151,air,pg/m3
PCB_151,air+aerosol,pg/m3
PCB_153,aerosol,pg/m3
PCB_153,air,pg/m3
PCB_153,air+aerosol,pg/m3
PCB_153,air+pm10,pg/m3
PCB_153,dried_moss,pg/g
PCB_153,precip,ng/l
PCB_153,precip+dry_dep,ng/m2day
PCB_153,precip_tot,ng/l
PCB_156,aerosol,pg/m3
PCB_156,air,pg/m3
PCB_156,air+aerosol,pg/m3
PCB_156,dried_moss,pg/g
PCB_156,precip,ng/l
PCB_157,aerosol,pg/m3
PCB_157,air,pg/m3
PCB_157,air+aerosol,pg/m3
PCB_157,dried_moss,pg/g
PCB_157,precip,ng/l
PCB_157+200,air+aerosol,pg/m3
PCB_158,aerosol,pg/m3
PCB_158,air,pg/m3
PCB_158,air+aerosol,pg/m3
PCB_16+32,aerosol,pg/m3
PCB_16+32,air,pg/m3
PCB_16+32,air+aerosol,pg/m3
PCB_163+138,air+aerosol,pg/m3
PCB_167,aerosol,pg/m3
PCB_167,air,pg/m3
PCB_167,air+aerosol,pg/m3
PCB_167,dried_moss,pg/g
PCB_167,precip,ng/l
PCB_169,aerosol,pg/m3
PCB_169,air,pg/m3
PCB_169,air+aerosol,pg/m3
PCB_169,precip,ng/l
PCB_17,aerosol,pg/m3
PCB_17,air,pg/m3
PCB_17,air+aerosol,pg/m3
PCB_17+18,aerosol,pg/m3
PCB_17+18,air,pg/m3
PCB_17+18,air+aerosol,pg/m3
PCB_170,aerosol,pg/m3
PCB_170,air,pg/m3
PCB_170,air+aerosol,pg/m3
PCB_170,dried_moss,pg/g
PCB_170,precip,ng/l
PCB_170+190,air+aerosol,pg/m3
PCB_171,aerosol,pg/m3
PCB_171,air,pg/m3
PCB_171,air+aerosol,pg/m3
PCB_172,air+aerosol,pg/m3
PCB_172+197,aerosol,pg/m3
PCB_172+197,air,pg/m3
PCB_172+197,air+aerosol,pg/m3
PCB_173,air+aerosol,pg/m3
PCB_174,aerosol,pg/m3
PCB_174,air,pg/m3
PCB_174,air+aerosol,pg/m3
PCB_175,aerosol,pg/m3
PCB_175,air,pg/m3
PCB_175,air+aerosol,pg/m3
PCB_176,air+aerosol,pg/m3
PCB_177,aerosol,pg/m3
PCB_177,air,pg/m3
PCB_177,air+aerosol,pg/m3
PCB_177,precip,ng/l
PCB_178,aerosol,pg/m3
PCB_178,air,pg/m3
PCB_178,air+aerosol,pg/m3
PCB_178+129,aerosol,pg/m3
PCB_178+129,air,pg/m3
PCB_178+129,air+aerosol,pg/m3
PCB_179,aerosol,pg/m3
PCB_179,air,pg/m3
PCB_179,air+aerosol,pg/m3
PCB_18,aerosol,pg/m3
PCB_18,air,pg/m3
PCB_18,air+aerosol,pg/m3
PCB_18,dried_moss,pg/g
PCB_18,precip,ng/l
PCB_180,aerosol,pg/m3
PCB_180,air,pg/m3
PCB_180,air+aerosol,pg/m3
PCB_180,air+pm10,pg/m3
PCB_180,dried_moss,pg/g
PCB_180,precip,ng/l
PCB_180,precip+dry_dep,ng/m2day
PCB_180,precip_tot,ng/l
PCB_182+187,air+aerosol,pg/m3
PCB_183,aerosol,pg/m3
PCB_183,air,pg/m3
PCB_183,air+aerosol,pg/m3
PCB_183,dried_moss,pg/g
PCB_185,aerosol,pg/m3
PCB_185,air,pg/m3
PCB_185,air+aerosol,pg/m3
PCB_187,aerosol,pg/m3
PCB_187,air,pg/m3
PCB_187,air+aerosol,pg/m3
PCB_187,dried_moss,pg/g
PCB_188,aerosol,pg/m3
PCB_188,air,pg/m3
PCB_188,air+aerosol,pg/m3
PCB_189,aerosol,pg/m3
PCB_189,air,pg/m3
PCB_189,air+aerosol,pg/m3
PCB_189,dried_moss,pg/g
PCB_189,precip,ng/l
PCB_19,aerosol,pg/m3
PCB_19,air,pg/m3
PCB_19,air+aerosol,pg/m3
PCB_191,aerosol,pg/m3
PCB_191,air,pg/m3
PCB_191,air+aerosol,pg/m3
PCB_193,aerosol,pg/m3
PCB_193,air,pg/m3
PCB_193,air+aerosol,pg/m3
PCB_194,aerosol,pg/m3
PCB_194,air,pg/m3
PCB_194,air+aerosol,pg/m3
PCB_194,dried_moss,pg/g
PCB_195,aerosol,pg/m3
PCB_195,air,pg/m3
PCB_195,air+aerosol,pg/m3
PCB_196+203,aerosol,pg/m3
PCB_196+203,air,pg/m3
PCB_196+203,air+aerosol,pg/m3
PCB_197,air+aerosol,pg/m3
PCB_198,aerosol,pg/m3
PCB_198,air,pg/m3
PCB_198,air+aerosol,pg/m3
PCB_199,aerosol,pg/m3
PCB_199,air,pg/m3
PCB_199,air+aerosol,pg/m3
PCB_20+33,air+aerosol,pg/m3
PCB_200,aerosol,pg/m3
PCB_200,air,pg/m3
PCB_200,air+aerosol,pg/m3
PCB_201,aerosol,pg/m3
PCB_201,air,pg/m3
PCB_201,air+aerosol,pg/m3
PCB_201+157,aerosol,pg/m3
PCB_201+157,air,pg/m3
PCB_201+157,air+aerosol,pg/m3
PCB_202,aerosol,pg/m3
PCB_202,air,pg/m3
PCB_202,air+aerosol,pg/m3
PCB_204,air+aerosol,pg/m3
PCB_205,aerosol,pg/m3
PCB_205,air,pg/m3
PCB_205,air+aerosol,pg/m3
PCB_206,aerosol,pg/m3
PCB_206,air,pg/m3
PCB_206,air+aerosol,pg/m3
PCB_206,dried_moss,pg/g
PCB_207,aerosol,pg/m3
PCB_207,air,pg/m3
PCB_207,air+aerosol,pg/m3
PCB_208,aerosol,pg/m3
PCB_208,air,pg/m3
PCB_208,air+aerosol,pg/m3
PCB_208+195,air+aerosol,pg/m3
PCB_209,aerosol,pg/m3
PCB_209,air,pg/m3
PCB_209,air+aerosol,pg/m3
PCB_209,dried_moss,pg/g
PCB_22,aerosol,pg/m3
PCB_22,air,pg/m3
PCB_22,air+aerosol,pg/m3
PCB_24+27,aerosol,pg/m3
PCB_24+27,air,pg/m3
PCB_24+27,air+aerosol,pg/m3
PCB_25,aerosol,pg/m3
PCB_25,air,pg/m3
PCB_25,air+aerosol,pg/m3
PCB_26,aerosol,pg/m3
PCB_26,air,pg/m3
PCB_26,air+aerosol,pg/m3
PCB_26,precip,ng/l
PCB_28,aerosol,pg/m3
PCB_28,air,pg/m3
PCB_28,air+aerosol,pg/m3
PCB_28,air+pm10,pg/m3
PCB_28,dried_moss,pg/g
PCB_28,precip,ng/l
PCB_28,precip+dry_dep,ng/m2day
PCB_28,precip_tot,ng/l
PCB_28+16,air+aerosol,pg/m3
PCB_28+31,aerosol,pg/m3
PCB_28+31,air,pg/m3
PCB_28+31,air+aerosol,pg/m3
PCB_29+54,air+aerosol,pg/m3
PCB_3,aerosol,pg/m3
PCB_3,air,pg/m3
PCB_3,air+aerosol,pg/m3
PCB_30,air+aerosol,pg/m3
PCB_31,aerosol,pg/m3
PCB_31,air,pg/m3
PCB_31,air+aerosol,pg/m3
PCB_31,dried_moss,pg/g
PCB_31,precip,ng/l
PCB_33,aerosol,pg/m3
PCB_33,air,pg/m3
PCB_33,air+aerosol,pg/m3
PCB_33,dried_moss,pg/g
PCB_37,aerosol,pg/m3
PCB_37,air,pg/m3
PCB_37,air+aerosol,pg/m3
PCB_37,dried_moss,pg/g
PCB_4+10,aerosol,pg/m3
PCB_4+10,air,pg/m3
PCB_4+10,air+aerosol,pg/m3
PCB_40,aerosol,pg/m3
PCB_40,air,pg/m3
PCB_40,air+aerosol,pg/m3
PCB_40+71,air+aerosol,pg/m3
PCB_41+64+71,air+aerosol,pg/m3
PCB_41+71,aerosol,pg/m3
PCB_41+71,air,pg/m3
PCB_41+71,air+aerosol,pg/m3
PCB_42,aerosol,pg/m3
PCB_42,air,pg/m3
PCB_42,air+aerosol,pg/m3
PCB_43,air+aerosol,pg/m3
PCB_44,aerosol,pg/m3
PCB_44,air,pg/m3
PCB_44,air+aerosol,pg/m3
PCB_44,precip,ng/l
PCB_45,aerosol,pg/m3
PCB_45,air,pg/m3
PCB_45,air+aerosol,pg/m3
PCB_46,aerosol,pg/m3
PCB_46,air,pg/m3
PCB_46,air+aerosol,pg/m3
PCB_47,aerosol,pg/m3
PCB_47,air,pg/m3
PCB_47,air+aerosol,pg/m3
PCB_47+48,air+aerosol,pg/m3
PCB_48,aerosol,pg/m3
PCB_48,air,pg/m3
PCB_48,air+aerosol,pg/m3
PCB_49,aerosol,pg/m3
PCB_49,air,pg/m3
PCB_49,air+aerosol,pg/m3
PCB_50,air+aerosol,pg/m3
PCB_51,air+aerosol,pg/m3
PCB_52,aerosol,pg/m3
PCB_52,air,pg/m3
PCB_52,air+aerosol,pg/m3
PCB_52,air+pm10,pg/m3
PCB_52,dried_moss,pg/g
PCB_52,precip,ng/l
PCB_52,precip+dry_dep,ng/m2day
PCB_52,precip_tot,ng/l
PCB_53,air+aerosol,pg/m3
PCB_55,air+aerosol,pg/m3
PCB_56+60,aerosol,pg/m3
PCB_56+60,air,pg/m3
PCB_56+60,air+aerosol,pg/m3
PCB_59,air+aerosol,pg/m3
PCB_6,aerosol,pg/m3
PCB_6,air,pg/m3
PCB_6,air+aerosol,pg/m3
PCB_60,air+aerosol,pg/m3
PCB_63,air+aerosol,pg/m3
PCB_64,aerosol,pg/m3
PCB_64,air,pg/m3
PCB_64,air+aerosol,pg/m3
PCB_66,aerosol,pg/m3
PCB_66,air,pg/m3
PCB_66,air+aerosol,pg/m3
PCB_66,dried_moss,pg/g
PCB_7,aerosol,pg/m3
PCB_7,air,pg/m3
PCB_7,air+aerosol,pg/m3
PCB_70,aerosol,pg/m3
PCB_70,air,pg/m3
PCB_70,air+aerosol,pg/m3
PCB_70+60,aerosol,pg/m3
PCB_70+60,air,pg/m3
PCB_70+60,air+aerosol,pg/m3
PCB_70+63,air+aerosol,pg/m3
PCB_70+76,aerosol,pg/m3
PCB_70+76,air,pg/m3
PCB_70+76,air+aerosol,pg/m3
PCB_70+76+98,air+aerosol,pg/m3
PCB_74,aerosol,pg/m3
PCB_74,air,pg/m3
PCB_74,air+aerosol,pg/m3
PCB_74,dried_moss,pg/g
PCB_77,aerosol,pg/m3
PCB_77,air,pg/m3
PCB_77,air+aerosol,pg/m3
PCB_77,precip,ng/l
PCB_8,aerosol,pg/m3
PCB_8,air,pg/m3
PCB_8,air+aerosol,pg/m3
PCB_8+5,aerosol,pg/m3
PCB_8+5,air,pg/m3
PCB_8+5,air+aerosol,pg/m3
PCB_81,aerosol,pg/m3
PCB_81,air,pg/m3
PCB_81,air+aerosol,pg/m3
PCB_81,precip,ng/l
PCB_81+87,air+aerosol,pg/m3
PCB_82,aerosol,pg/m3
PCB_82,air,pg/m3
PCB_82,air+aerosol,pg/m3
PCB_83,aerosol,pg/m3
PCB_83,air,pg/m3
PCB_83,air+aerosol,pg/m3
PCB_84,air+aerosol,pg/m3
PCB_84+89,aerosol,pg/m3
PCB_84+89,air,pg/m3
PCB_84+89,air+aerosol,pg/m3
PCB_85,aerosol,pg/m3
PCB_85,air,pg/m3
PCB_85,air+aerosol,pg/m3
PCB_87,aerosol,pg/m3
PCB_87,air,pg/m3
PCB_87,air+aerosol,pg/m3
PCB_91,aerosol,pg/m3
PCB_91,air,pg/m3
PCB_91,air+aerosol,pg/m3
PCB_92,air+aerosol,pg/m3
PCB_95,aerosol,pg/m3
PCB_95,air,pg/m3
PCB_95,air+aerosol,pg/m3
PCB_97,aerosol,pg/m3
PCB_97,air,pg/m3
PCB_97,air+aerosol,pg/m3
PCB_99,aerosol,pg/m3
PCB_99,air,pg/m3
PCB_99,air+aerosol,pg/m3
PCB_99,dried_moss,pg/g
PCB_99,precip,ng/l
PFBA,air+aerosol,pg/m3
PFBS,air+aerosol,pg/m3
PFC-116,air,pmol/mol
PFC-14,air,pmol/mol
PFC-218,air,pmol/mol
PFC-318,air,pmol/mol
PFDA,air+aerosol,pg/m3
PFDS,air+aerosol,pg/m3
PFDcA,air+aerosol,pg/m3
PFDcS,air+aerosol,pg/m3
PFDoDA,air+aerosol,pg/m3
PFHpA,air+aerosol,pg/m3
PFHpS,air+aerosol,pg/m3
PFHxA,air+aerosol,pg/m3
PFHxS,air+aerosol,pg/m3
PFNA,air+aerosol,pg/m3
PFNS,air+aerosol,pg/m3
PFOA,air+aerosol,pg/m3
PFOS,air+aerosol,pg/m3
PFOSA,air+aerosol,pg/m3
PFPS,air+aerosol,pg/m3
PFPeA,air+aerosol,pg/m3
PFTeDA,air+aerosol,pg/m3
PFTrDA,air+aerosol,pg/m3
PFUnA,air+aerosol,pg/m3
TBA,air+aerosol,pg/m3
TBA,dried_moss,pg/g
TBCT,aerosol,pg/m3
TBCT,air,pg/m3
TBCT,air+aerosol,pg/m3
TBCT,air+pm10,pg/m3
TBCT,pm10,pg/m3
TBCT,pm25,pg/m3
TOX-26,air+aerosol,pg/m3
TOX-26,precip,ng/l
TOX-50,air+aerosol,pg/m3
TOX-50,precip,ng/l
TOX-62,air+aerosol,pg/m3
TOX-62,precip,ng/l
UVA_radiation,met,W/m2
a_HBCD,air+aerosol,pg/m3
acenaphthene,aerosol,ng/m3
acenaphthene,air,ng/m3
acenaphthene,air+aerosol,ng/m3
acenaphthene,air+pm10,ng/m3
acenaphthene,dried_moss,ng/g
acenaphthene,pm10,ng/m3
acenaphthene,precip,ng/l
acenaphthene,precip+dry_dep,ng/m2day
acenaphthene,wetdep,ng/m2day
acenaphthylene,aerosol,ng/m3
acenaphthylene,air,ng/m3
acenaphthylene,air+aerosol,ng/m3
acenaphthylene,air+pm10,ng/m3
acenaphthylene,dried_moss,ng/g
acenaphthylene,pm10,ng/m3
acenaphthylene,precip,ng/l
acenaphthylene,precip+dry_dep,ng/m2day
acenaphthylene,wetdep,ng/m2day
acetate,aerosol,ug/m3
acetate,air,ug/m3
acetate,pm1,ug/m3
acetic_acid,precip,mg/l
acetonitrile,air,pmol/mol
acidity,aerosol,ne H/m3
acidity,precip,ue H/l
aerosol_absorption_coefficient,aerosol,1/Mm
aerosol_absorption_coefficient,pm1,1/Mm
aerosol_absorption_coefficient,pm10,1/Mm
aerosol_absorption_coefficient,pm25,1/Mm
aerosol_extinction_coefficient,aerosol,1/km
aerosol_light_backscattering_coefficient,aerosol,1/Mm
aerosol_light_backscattering_coefficient,aerosol_humidified,1/Mm
aerosol_light_backscattering_coefficient,pm1,1/Mm
aerosol_light_backscattering_coefficient,pm10,1/Mm
aerosol_light_backscattering_coefficient,pm10_humidified,1/Mm
aerosol_light_backscattering_coefficient,pm1_humidified,1/Mm
aerosol_light_backscattering_coefficient,pm25,1/Mm
aerosol_light_backscattering_coefficient,pm25_humidified,1/Mm
aerosol_light_backscattering_coefficient_zero,aerosol,1/Mm
aerosol_light_backscattering_coefficient_zero,pm1,1/Mm
aerosol_light_backscattering_coefficient_zero,pm10,1/Mm
aerosol_light_backscattering_coefficient_zero,pm25,1/Mm
aerosol_light_backscattering_enhancement_factor,aerosol_humidified,no unit
aerosol_light_backscattering_enhancement_factor,pm10_humidified,no unit
aerosol_light_backscattering_enhancement_factor,pm1_humidified,no unit
aerosol_light_backscattering_enhancement_factor,pm25_humidified,no unit
aerosol_light_rayleighscattering_coefficient_zero,aerosol,1/Mm
aerosol_light_rayleighscattering_coefficient_zero,pm1,1/Mm
aerosol_light_rayleighscattering_coefficient_zero,pm10,1/Mm
aerosol_light_rayleighscattering_coefficient_zero,pm25,1/Mm
aerosol_light_scattering_coefficient,aerosol,1/Mm
aerosol_light_scattering_coefficient,aerosol_humidified,1/Mm
aerosol_light_scattering_coefficient,pm1,1/Mm
aerosol_light_scattering_coefficient,pm10,1/Mm
aerosol_light_scattering_coefficient,pm10_humidified,1/Mm
aerosol_light_scattering_coefficient,pm1_humidified,1/Mm
aerosol_light_scattering_coefficient,pm25,1/Mm
aerosol_light_scattering_coefficient,pm25_humidified,1/Mm
aerosol_light_scattering_coefficient_zero,aerosol,1/Mm
aerosol_light_scattering_coefficient_zero,pm1,1/Mm
aerosol_light_scattering_coefficient_zero,pm10,1/Mm
aerosol_light_scattering_coefficient_zero,pm25,1/Mm
aerosol_light_scattering_enhancement_factor,aerosol_humidified,no unit
aerosol_light_scattering_enhancement_factor,pm10_humidified,no unit
aerosol_light_scattering_enhancement_factor,pm1_humidified,no unit
aerosol_light_scattering_enhancement_factor,pm25_humidified,no unit
aerosol_optical_depth,aerosol,no unit
aldrin,aerosol,pg/m3
aldrin,air,pg/m3
aldrin,air+aerosol,pg/m3
aldrin,air+pm10,pg/m3
aldrin,precip,ng/l
aldrin,precip_tot,ng/l
alpha-pinene,air,pmol/mol
alpha_HCH,aerosol,pg/m3
alpha_HCH,air,pg/m3
alpha_HCH,air+aerosol,pg/m3
alpha_HCH,air+pm10,pg/m3
alpha_HCH,dried_moss,pg/g
alpha_HCH,precip,ng/l
alpha_HCH,precip+dry_dep,ng/m2day
alpha_HCH,precip_tot,ng/l
alpha_endosulfan,aerosol,pg/m3
alpha_endosulfan,air,pg/m3
alpha_endosulfan,air+aerosol,pg/m3
alpha_endosulfan,precip,ng/l
altitude,position,m
aluminium,aerosol,ng/m3
aluminium,dried_moss,ug/g
aluminium,pm1,ng/m3
aluminium,pm10,ng/m3
aluminium,pm25,ng/m3
aluminium,precip,ug/l
aluminium,precip+dry_dep,ng/m2day
aluminium_27,aerosol,ng/m3
aluminium_27,pm10,ng/m3
aluminium_27,precip,ug/l
ammonia,air,ug N/m3
ammonia,pm25,ug N/m3
ammonium,aerosol,ug N/m3
ammonium,pm1,ug N/m3
ammonium,pm10,ug N/m3
ammonium,pm10_pm1,ug N/m3
ammonium,pm10_pm25,ug N/m3
ammonium,pm1_non_refractory,ug N/m3
ammonium,pm25,ug N/m3
ammonium,precip,mg N/l
ammonium_nitrate,aerosol,ug N/m3
ammonium_nitrate,pm1,ug N/m3
anthanthrene,aerosol,ng/m3
anthanthrene,air+aerosol,ng/m3
anthanthrene,pm10,ng/m3
anthanthrene,precip,ng/l
anthanthrene,wetdep,ng/m2day
anthracene,aerosol,ng/m3
anthracene,air,ng/m3
anthracene,air+aerosol,ng/m3
anthracene,air+pm10,ng/m3
anthracene,dried_moss,ng/g
anthracene,pm10,ng/m3
anthracene,precip,ng/l
anthracene,precip+dry_dep,ng/m2day
anthracene,precip_tot,ng/l
anthracene,wetdep,ng/m2day
anti_DP,aerosol,pg/m3
anti_DP,air,pg/m3
anti_DP,air+aerosol,pg/m3
anti_DP,air+pm10,pg/m3
anti_DP,pm10,pg/m3
anti_DP,pm25,pg/m3
antimony,aerosol,ng/m3
antimony,dried_moss,ug/g
antimony,pm1,ng/m3
antimony,pm10,ng/m3
antimony,pm25,ng/m3
antimony,precip,ug/l
antimony,precip+dry_dep,ng/m2day
arabitol,aerosol,ng/m3
arabitol,pm10,ng/m3
arabitol,pm25,ng/m3
arsenic,aerosol,ng/m3
arsenic,dried_moss,ug/g
arsenic,pm1,ng/m3
arsenic,pm10,ng/m3
arsenic,pm10_pm25,ng/m3
arsenic,pm25,ng/m3
arsenic,precip,ug/l
arsenic,precip+dry_dep,ng/m2day
arsenic,wetdep,ug/m2
attenuation_coefficient,aerosol,no unit
attenuation_coefficient,pm1,no unit
attenuation_coefficient,pm10,no unit
attenuation_coefficient,pm25,no unit
b_HBCD,air+aerosol,pg/m3
barium,aerosol,ng/m3
barium,dried_moss,ug/g
barium,pm1,ng/m3
barium,pm10,ng/m3
barium,pm25,ng/m3
barium,precip,ug/l
barium,precip+dry_dep,ng/m2day
benz_a_anthracene,aerosol,ng/m3
benz_a_anthracene,air,ng/m3
benz_a_anthracene,air+aerosol,ng/m3
benz_a_anthracene,air+pm10,ng/m3
benz_a_anthracene,dried_moss,ng/g
benz_a_anthracene,pm10,ng/m3
benz_a_anthracene,precip,ng/l
benz_a_anthracene,precip+dry_dep,ng/m2day
benz_a_anthracene,precip_tot,ng/l
benz_a_anthracene,wetdep,ng/m2day
benzaldehyde,air,ug/m3
benzene,air,pmol/mol
benzo_a_fluoranthene,air+aerosol,ng/m3
benzo_a_fluoranthene,precip,ng/l
benzo_a_fluorene,air+aerosol,ng/m3
benzo_a_fluorene,precip,ng/l
benzo_a_pyrene,aerosol,ng/m3
benzo_a_pyrene,air,ng/m3
benzo_a_pyrene,air+aerosol,ng/m3
benzo_a_pyrene,air+pm10,ng/m3
benzo_a_pyrene,dried_moss,ng/g
benzo_a_pyrene,pm10,ng/m3
benzo_a_pyrene,precip,ng/l
benzo_a_pyrene,precip+dry_dep,ng/m2day
benzo_a_pyrene,precip_tot,ng/l
benzo_a_pyrene,wetdep,ng/m2day
benzo_b_fluoranthene,aerosol,ng/m3
benzo_b_fluoranthene,air,ng/m3
benzo_b_fluoranthene,air+aerosol,ng/m3
benzo_b_fluoranthene,air+pm10,ng/m3
benzo_b_fluoranthene,dried_moss,ng/g
benzo_b_fluoranthene,pm10,ng/m3
benzo_b_fluoranthene,precip,ng/l
benzo_b_fluoranthene,precip+dry_dep,ng/m2day
benzo_b_fluoranthene,precip_tot,ng/l
benzo_b_fluoranthene,wetdep,ng/m2day
benzo_b_fluorene,air+aerosol,ng/m3
benzo_b_fluorene,precip,ng/l
benzo_b_naphtho_21_d_thiophene,aerosol,ng/m3
benzo_b_naphtho_21_d_thiophene,air+aerosol,ng/m3
benzo_b_naphtho_21_d_thiophene,pm10,ng/m3
benzo_b_naphtho_21_d_thiophene,wetdep,ng/m2day
benzo_bj_fluoranthenes,aerosol,ng/m3
benzo_bj_fluoranthenes,air+aerosol,ng/m3
benzo_bj_fluoranthenes,air+pm10,ng/m3
benzo_bj_fluoranthenes,pm10,ng/m3
benzo_bj_fluoranthenes,precip+dry_dep,ng/m2day
benzo_bj_fluoranthenes,wetdep,ng/m2day
benzo_bjk_fluoranthenes,aerosol,ng/m3
benzo_bjk_fluoranthenes,air,ng/m3
benzo_bjk_fluoranthenes,air+aerosol,ng/m3
benzo_bjk_fluoranthenes,air+pm10,ng/m3
benzo_bjk_fluoranthenes,pm10,ng/m3
benzo_bjk_fluoranthenes,precip,ng/l
benzo_bjk_fluoranthenes,precip+dry_dep,ng/m2day
benzo_bjk_fluoranthenes,precip_tot,ng/l
benzo_bk_fluoranthenes,aerosol,ng/m3
benzo_bk_fluoranthenes,air,ng/m3
benzo_bk_fluoranthenes,air+aerosol,ng/m3
benzo_c_phenanthrene,aerosol,ng/m3
benzo_c_phenanthrene,air+aerosol,ng/m3
benzo_c_phenanthrene,pm10,ng/m3
benzo_c_phenanthrene,wetdep,ng/m2day
benzo_e_pyrene,aerosol,ng/m3
benzo_e_pyrene,air,ng/m3
benzo_e_pyrene,air+aerosol,ng/m3
benzo_e_pyrene,pm10,ng/m3
benzo_e_pyrene,precip,ng/l
benzo_e_pyrene,wetdep,ng/m2day
benzo_ghi_fluoranthene,air+aerosol,ng/m3
benzo_ghi_fluoranthene,precip,ng/l
benzo_ghi_perylene,aerosol,ng/m3
benzo_ghi_perylene,air,ng/m3
benzo_ghi_perylene,air+aerosol,ng/m3
benzo_ghi_perylene,air+pm10,ng/m3
benzo_ghi_perylene,dried_moss,ng/g
benzo_ghi_perylene,pm10,ng/m3
benzo_ghi_perylene,precip,ng/l
benzo_ghi_perylene,precip+dry_dep,ng/m2day
benzo_ghi_perylene,precip_tot,ng/l
benzo_ghi_perylene,wetdep,ng/m2day
benzo_j_fluoranthene,aerosol,ng/m3
benzo_j_fluoranthene,air+aerosol,ng/m3
benzo_j_fluoranthene,pm10,ng/m3
benzo_j_fluoranthene,precip,ng/l
benzo_j_fluoranthene,precip+dry_dep,ng/m2day
benzo_j_fluoranthene,wetdep,ng/m2day
benzo_k_fluoranthene,aerosol,ng/m3
benzo_k_fluoranthene,air,ng/m3
benzo_k_fluoranthene,air+aerosol,ng/m3
benzo_k_fluoranthene,air+pm10,ng/m3
benzo_k_fluoranthene,dried_moss,ng/g
benzo_k_fluoranthene,pm10,ng/m3
benzo_k_fluoranthene,precip,ng/l
benzo_k_fluoranthene,precip+dry_dep,ng/m2day
benzo_k_fluoranthene,precip_tot,ng/l
benzo_k_fluoranthene,wetdep,ng/m2day
beryllium,aerosol,ng/m3
beryllium,dried_moss,ug/g
beryllium,pm10,ng/m3
beryllium,pm25,ng/m3
beryllium,precip,ug/l
beta-pinene,air,pmol/mol
beta_HCH,aerosol,pg/m3
beta_HCH,air,pg/m3
beta_HCH,air+aerosol,pg/m3
beta_HCH,air+pm10,pg/m3
beta_HCH,dried_moss,pg/g
beta_HCH,precip,ng/l
beta_endosulfan,aerosol,pg/m3
beta_endosulfan,air,pg/m3
beta_endosulfan,air+aerosol,pg/m3
beta_endosulfan,precip,ng/l
biphenyl,air+aerosol,ng/m3
biphenyl,precip,ng/l
biphenyl,wetdep,ng/m2day
bismuth,aerosol,ng/m3
bismuth,dried_moss,ug/g
bismuth,pm1,ng/m3
bismuth,pm10,ng/m3
bismuth,pm25,ng/m3
boron,dried_moss,ug/g
bromide,aerosol,ug/m3
bromide,pm10,ug/m3
bromide,pm25,ug/m3
bromide,precip,mg/l
bromoform,air,pmol/mol
bromomethane,air,pmol/mol
butanales,air,ug/m3
butanone,air,ug/m3
butenes,air,pmol/mol
butylacetat,air,ug/m3
bypass_fraction,aerosol,no unit
bypass_fraction,pm1,no unit
bypass_fraction,pm10,no unit
cadmium,aerosol,ng/m3
cadmium,dried_moss,ug/g
cadmium,pm1,ng/m3
cadmium,pm10,ng/m3
cadmium,pm10_pm25,ng/m3
cadmium,pm25,ng/m3
cadmium,precip,ug/l
cadmium,precip+dry_dep,ng/m2day
cadmium,wetdep,ug/m2
calcium,aerosol,ug/m3
calcium,dried_moss,ug/g
calcium,pm1,ug/m3
calcium,pm10,ug/m3
calcium,pm10_pm1,ug/m3
calcium,pm10_pm25,ug/m3
calcium,pm25,ug/m3
calcium,precip,mg/l
carbon_dioxide,air,umol/mol
carbon_monoxide,air,nmol/mol
carbon_tetrachloride,air,pmol/mol
carbonate,aerosol,ug C/m3
carbonate,pm10,ug C/m3
carbonate,pm25,ug C/m3
carbonyl_sulfide,air,pmol/mol
cerium,aerosol,ng/m3
cerium,dried_moss,ug/g
cerium,pm1,ng/m3
cerium,pm10,ng/m3
cerium,pm25,ng/m3
cesium,aerosol,ng/m3
cesium,dried_moss,ug/g
cesium,pm10,ng/m3
cesium,pm25,ng/m3
cesium,precip,ug/l
chloride,aerosol,ug/m3
chloride,pm1,ug/m3
chloride,pm10,ug/m3
chloride,pm10_pm1,ug/m3
chloride,pm10_pm25,ug/m3
chloride,pm1_non_refractory,ug/m3
chloride,pm25,ug/m3
chloride,precip,mg/l
chlorobenzene,air,pmol/mol
chloromethane,air,pmol/mol
cholanthrene,aerosol,ng/m3
cholanthrene,air+aerosol,ng/m3
cholanthrene,pm10,ng/m3
cholanthrene,wetdep,ng/m2day
chromium,aerosol,ng/m3
chromium,dried_moss,ug/g
chromium,pm1,ng/m3
chromium,pm10,ng/m3
chromium,pm10_pm25,ng/m3
chromium,pm25,ng/m3
chromium,precip,ug/l
chromium,precip+dry_dep,ng/m2day
chromium,wetdep,ug/m2
chrysene,aerosol,ng/m3
chrysene,air,ng/m3
chrysene,air+aerosol,ng/m3
chrysene,dried_moss,ng/g
chrysene,pm10,ng/m3
chrysene,precip,ng/l
chrysene,precip+dry_dep,ng/m2day
chrysene,precip_tot,ng/l
chrysene,wetdep,ng/m2day
chrysene_triphenylene,aerosol,ng/m3
chrysene_triphenylene,air,ng/m3
chrysene_triphenylene,air+aerosol,ng/m3
chrysene_triphenylene,air+pm10,ng/m3
chrysene_triphenylene,precip,ng/l
chrysene_triphenylene,precip+dry_dep,ng/m2day
chrysene_triphenylene,precip_tot,ng/l
cis-2-butene,air,pmol/mol
cis-2-pentene,air,pmol/mol
cis_CD,aerosol,pg/m3
cis_CD,air,pg/m3
cis_CD,air+aerosol,pg/m3
cis_CD,air+pm10,pg/m3
cis_CD,precip,ng/l
cis_NO,aerosol,pg/m3
cis_NO,air,pg/m3
cis_NO,air+aerosol,pg/m3
cis_NO,air+pm10,pg/m3
cis_heptachlorepoxide,air+pm10,pg/m3
cloud_condensation_nuclei_number_concentration,aerosol,1/cm3
cloud_condensation_nuclei_number_concentration,pm10,1/cm3
cloud_condensation_nuclei_number_size_distribution,pm10,1/cm3
cobalt,aerosol,ng/m3
cobalt,dried_moss,ug/g
cobalt,pm1,ng/m3
cobalt,pm10,ng/m3
cobalt,pm10_pm25,ng/m3
cobalt,pm25,ng/m3
cobalt,precip,ug/l
cobalt,precip+dry_dep,ng/m2day
collection_efficiency,pm1_non_refractory,no unit
conductivity,precip,uS/cm
copper,aerosol,ng/m3
copper,dried_moss,ug/g
copper,pm1,ng/m3
copper,pm10,ng/m3
copper,pm10_pm25,ng/m3
copper,pm25,ng/m3
copper,precip,ug/l
copper,precip+dry_dep,ng/m2day
copper,wetdep,ug/m2
coronene,aerosol,ng/m3
coronene,air+aerosol,ng/m3
coronene,pm10,ng/m3
coronene,precip,ng/l
coronene,wetdep,ng/m2day
cyclo-hexane,air,pmol/mol
cyclo-pentane,air,pmol/mol
cyclo-pentene,air,pmol/mol
cyclopenta_cd_pyrene,aerosol,ng/m3
cyclopenta_cd_pyrene,air+aerosol,ng/m3
cyclopenta_cd_pyrene,pm10,ng/m3
cyclopenta_cd_pyrene,precip,ng/l
cyclopenta_cd_pyrene,wetdep,ng/m2day
delta_HCH,air+aerosol,pg/m3
delta_HCH,air+pm10,pg/m3
delta_HCH,precip,ng/l
dewpoint_temperature,met,deg C
dibenzo_ac_ah_anthracenes,aerosol,ng/m3
dibenzo_ac_ah_anthracenes,air+aerosol,ng/m3
dibenzo_ac_ah_anthracenes,pm10,ng/m3
dibenzo_ac_ah_anthracenes,precip,ng/l
dibenzo_ac_ah_anthracenes,precip+dry_dep,ng/m2day
dibenzo_ac_ah_anthracenes,wetdep,ng/m2day
dibenzo_ac_anthracene,aerosol,ng/m3
dibenzo_ac_anthracene,air+aerosol,ng/m3
dibenzo_ac_anthracene,pm10,ng/m3
dibenzo_ac_anthracene,wetdep,ng/m2day
dibenzo_ae_pyrene,aerosol,ng/m3
dibenzo_ae_pyrene,air+aerosol,ng/m3
dibenzo_ae_pyrene,pm10,ng/m3
dibenzo_ae_pyrene,precip,ng/l
dibenzo_ae_pyrene,wetdep,ng/m2day
dibenzo_ah_anthracene,aerosol,ng/m3
dibenzo_ah_anthracene,air,ng/m3
dibenzo_ah_anthracene,air+aerosol,ng/m3
dibenzo_ah_anthracene,air+pm10,ng/m3
dibenzo_ah_anthracene,dried_moss,ng/g
dibenzo_ah_anthracene,pm10,ng/m3
dibenzo_ah_anthracene,precip,ng/l
dibenzo_ah_anthracene,precip+dry_dep,ng/m2day
dibenzo_ah_anthracene,precip_tot,ng/l
dibenzo_ah_anthracene,wetdep,ng/m2day
dibenzo_ah_pyrene,aerosol,ng/m3
dibenzo_ah_pyrene,air+aerosol,ng/m3
dibenzo_ah_pyrene,pm10,ng/m3
dibenzo_ah_pyrene,precip,ng/l
dibenzo_ah_pyrene,wetdep,ng/m2day
dibenzo_ai_pyrene,aerosol,ng/m3
dibenzo_ai_pyrene,air+aerosol,ng/m3
dibenzo_ai_pyrene,pm10,ng/m3
dibenzo_ai_pyrene,precip,ng/l
dibenzo_ai_pyrene,wetdep,ng/m2day
dibenzo_al_pyrene,aerosol,ng/m3
dibenzo_al_pyrene,air+aerosol,ng/m3
dibenzo_al_pyrene,pm10,ng/m3
dibenzo_al_pyrene,wetdep,ng/m2day
dibenzofuran,air+aerosol,ng/m3
dibenzofuran,precip,ng/l
dibenzothiophene,aerosol,ng/m3
dibenzothiophene,air,ng/m3
dibenzothiophene,air+aerosol,ng/m3
dibenzothiophene,precip,ng/l
dibromomethane,air,pmol/mol
dichloromethane,air,pmol/mol
dieldrin,aerosol,pg/m3
dieldrin,air,pg/m3
dieldrin,air+aerosol,pg/m3
dieldrin,air+pm10,pg/m3
dieldrin,precip,ng/l
dieldrin,precip_tot,ng/l
dinitrogen_monoxide,air,nmol/mol
downward_solar_radiation_flux_density,met,W/m2
dysprosium,aerosol,ng/m3
dysprosium,dried_moss,ug/g
dysprosium,pm10,ng/m3
dysprosium,pm25,ng/m3
electric_current,instrument,A
electric_tension,instrument,V
elemental_carbon,aerosol,ug C/m3
elemental_carbon,pm1,ug C/m3
elemental_carbon,pm10,ug C/m3
elemental_carbon,pm10_pm25,ug C/m3
elemental_carbon,pm25,ug C/m3
endosulfan,aerosol,pg/m3
endosulfan,air,pg/m3
endosulfan,air+aerosol,pg/m3
endrin,aerosol,pg/m3
endrin,air,pg/m3
endrin,air+aerosol,pg/m3
endrin,air+pm10,pg/m3
endrin,precip,ng/l
endrin,precip_tot,ng/l
equivalent_black_carbon,aerosol,ug/m3
equivalent_black_carbon,pm1,ug/m3
equivalent_black_carbon,pm10,ug/m3
equivalent_black_carbon,pm25,ug/m3
equivalent_black_carbon_mass,aerosol,ug/m3
equivalent_black_carbon_mass,pm1,ug/m3
equivalent_black_carbon_mass,pm10,ug/m3
equivalent_black_carbon_mass,pm25,ug/m3
erbium,aerosol,ng/m3
erbium,dried_moss,ug/g
erbium,pm10,ng/m3
erbium,pm25,ng/m3
erythritol,aerosol,ng/m3
erythritol,pm10,ng/m3
erythritol,pm25,ng/m3
ethanal,air,ug/m3
ethane,air,pmol/mol
ethanedial,air,ug/m3
ethanol,air,ug/m3
ethene,air,pmol/mol
ethylbenzene,air,pmol/mol
ethyne,air,pmol/mol
europium,aerosol,ng/m3
europium,dried_moss,ug/g
europium,pm10,ng/m3
europium,pm25,ng/m3
filter_position_number,instrument,no unit
flow_rate,aerosol,l/min
flow_rate,air,l/min
flow_rate,pm1,l/min
flow_rate,pm10,l/min
flow_rate,pm25,l/min
fluorantene,pm10,ng/m3
fluoranthene,aerosol,ng/m3
fluoranthene,air,ng/m3
fluoranthene,air+aerosol,ng/m3
fluoranthene,air+pm10,ng/m3
fluoranthene,dried_moss,ng/g
fluoranthene,pm10,ng/m3
fluoranthene,precip,ng/l
fluoranthene,precip+dry_dep,ng/m2day
fluoranthene,precip_tot,ng/l
fluoranthene,wetdep,ng/m2day
fluorene,aerosol,ng/m3
fluorene,air,ng/m3
fluorene,air+aerosol,ng/m3
fluorene,air+pm10,ng/m3
fluorene,dried_moss,ng/g
fluorene,pm10,ng/m3
fluorene,precip,ng/l
fluorene,precip+dry_dep,ng/m2day
fluorene,wetdep,ng/m2day
fluoride,aerosol,ug/m3
fluoride,pm1,ug/m3
fluoride,precip,mg/l
formate,aerosol,ug/m3
formate,pm1,ug/m3
formic_acid,precip,mg/l
fructose,aerosol,ng/m3
fructose,pm10,ng/m3
fructose,pm25,ng/m3
g_HBCD,air+aerosol,pg/m3
gadolinium,aerosol,ng/m3
gadolinium,dried_moss,ug/g
gadolinium,pm10,ng/m3
gadolinium,pm25,ng/m3
galactosan,aerosol,ng/m3
galactosan,pm10,ng/m3
galactosan,pm25,ng/m3
gallium,aerosol,ng/m3
gallium,dried_moss,ug/g
gallium,pm10,ng/m3
gallium,pm25,ng/m3
gamma_HCH,aerosol,pg/m3
gamma_HCH,air,pg/m3
gamma_HCH,air+aerosol,pg/m3
gamma_HCH,air+pm10,pg/m3
gamma_HCH,dried_moss,pg/g
gamma_HCH,precip,ng/l
gamma_HCH,precip+dry_dep,ng/m2day
gamma_HCH,precip_tot,ng/l
gaseous_elemental_mercury,air,ng/m3
gaseous_methyl_mercury,air,pg/m3
germanium,aerosol,ng/m3
germanium,pm10,ng/m3
germanium,pm25,ng/m3
glucose,aerosol,ng/m3
glucose,pm10,ng/m3
glucose,pm25,ng/m3
gust,met,m/s
hafnium,aerosol,ng/m3
hafnium,pm10,ng/m3
hafnium,pm25,ng/m3
halon_1301,air,pmol/mol
heptachlor,aerosol,pg/m3
heptachlor,air,pg/m3
heptachlor,air+aerosol,pg/m3
heptachlor,air+pm10,pg/m3
heptachlor,precip,ng/l
heptachlor,precip_tot,ng/l
heptachlor_epoxide,precip,ng/l
heptachlorepoxide,aerosol,pg/m3
heptachlorepoxide,air,pg/m3
heptachlorepoxide,air+aerosol,pg/m3
heptachlorepoxide,precip,ng/l
hexachlorobenzene,precip,ng/l
hexanal,air,ug/m3
holmium,aerosol,ng/m3
holmium,dried_moss,ug/g
holmium,pm10,ng/m3
holmium,pm25,ng/m3
hydrochloric_acid,air,ug Cl/m3
hydrogen,air,nmol/mol
hygroscopic_growth_factor,pm_eq110,no unit
hygroscopic_growth_factor,pm_eq165,no unit
hygroscopic_growth_factor,pm_eq25,no unit
hygroscopic_growth_factor,pm_eq265,no unit
hygroscopic_growth_factor,pm_eq35,no unit
hygroscopic_growth_factor,pm_eq50,no unit
hygroscopic_growth_factor,pm_eq75,no unit
inden_123cd_pyrene,aerosol,ng/m3
inden_123cd_pyrene,air,ng/m3
inden_123cd_pyrene,air+aerosol,ng/m3
inden_123cd_pyrene,air+pm10,ng/m3
inden_123cd_pyrene,dried_moss,ng/g
inden_123cd_pyrene,pm10,ng/m3
inden_123cd_pyrene,precip,ng/l
inden_123cd_pyrene,precip+dry_dep,ng/m2day
inden_123cd_pyrene,precip_tot,ng/l
inden_123cd_pyrene,wetdep,ng/m2day
indene,aerosol,pg/m3
indene,air,pg/m3
indene,air+aerosol,pg/m3
indeno_123cd_perylene,aerosol,pg/m3
indeno_123cd_perylene,air,pg/m3
indeno_123cd_perylene,air+aerosol,ng/m3
indeno_123cd_perylene,pm10,ng/m3
indeno_123cd_perylene,precip+dry_dep,ng/m2day
inositol,aerosol,ng/m3
inositol,pm10,ng/m3
inositol,pm25,ng/m3
iodide,aerosol,ug/m3
iridium,dried_moss,ug/g
iron,aerosol,ng/m3
iron,dried_moss,ug/g
iron,pm1,ng/m3
iron,pm10,ng/m3
iron,pm25,ng/m3
iron,precip,ug/l
iron,precip+dry_dep,ng/m2day
iron_57,aerosol,ng/m3
iron_57,pm10,ng/m3
iron_57,precip,ug/l
isoheptanes,air,pmol/mol
isohexanes,air,pmol/mol
isooctanes,air,pmol/mol
isoprene,air,pmol/mol
lanthanum,aerosol,ng/m3
lanthanum,dried_moss,ug/g
lanthanum,pm1,ng/m3
lanthanum,pm10,ng/m3
lanthanum,pm25,ng/m3
lanthanum,precip+dry_dep,ng/m2day
latitude,position,deg
lead,aerosol,ng/m3
lead,dried_moss,ug/g
lead,pm1,ng/m3
lead,pm10,ng/m3
lead,pm10_pm25,ng/m3
lead,pm25,ng/m3
lead,precip,ug/l
lead,precip+dry_dep,ng/m2day
lead,wetdep,ug/m2
levoglucosan,aerosol,ng/m3
levoglucosan,pm10,ng/m3
levoglucosan,pm25,ng/m3
limonene,air,pmol/mol
lithium,aerosol,ng/m3
lithium,dried_moss,ug/g
lithium,pm1,ng/m3
lithium,pm10,ng/m3
lithium,pm25,ng/m3
lithium,precip,ug/l
longitude,position,deg
lutetium,aerosol,ng/m3
lutetium,dried_moss,ug/g
lutetium,pm10,ng/m3
lutetium,pm25,ng/m3
m-p-xylene,air,pmol/mol
m-xylene,air,pmol/mol
magnesium,aerosol,ug/m3
magnesium,dried_moss,ug/g
magnesium,pm1,ug/m3
magnesium,pm10,ug/m3
magnesium,pm10_pm1,ug/m3
magnesium,pm10_pm25,ug/m3
magnesium,pm25,ug/m3
magnesium,precip,mg/l
manganese,aerosol,ng/m3
manganese,dried_moss,ug/g
manganese,pm1,ng/m3
manganese,pm10,ng/m3
manganese,pm25,ng/m3
manganese,precip,ug/l
manganese,precip+dry_dep,ng/m2day
manganium,precip,ug/l
mannitol,aerosol,ng/m3
mannitol,pm10,ng/m3
mannitol,pm25,ng/m3
mannosan,aerosol,ng/m3
mannosan,pm10,ng/m3
mannosan,pm25,ng/m3
mercury,aerosol,pg/m3
mercury,air,ng/m3
mercury,air+aerosol,ng/m3
mercury,dried_moss,ug/g
mercury,pm10,ng/m3
mercury,pm25,pg/m3
mercury,precip,ng/l
mercury,precip+dry_dep,ng/m2day
methanal,air,ug/m3
methane,air,nmol/mol
methanesulfonic_acid,precip,mg S/l
methanol,air,pmol/mol
methansulphonate,aerosol,ug/m3
methansulphonate,pm1,ug/m3
methoxychlor,aerosol,pg/m3
methoxychlor,air,pg/m3
methoxychlor,air+aerosol,pg/m3
methyl-butanol,air,ug/m3
methyl-cyclohexane,air,pmol/mol
methyl-cyclopentane,air,pmol/mol
methyl_iodide,air,pmol/mol
methyl_mercury,precip,ng/l
metyl-cyklopentane,air,pmol/mol
mineral_dust,pm10,ug/m3
mirex,aerosol,pg/m3
mirex,air,pg/m3
mirex,air+aerosol,pg/m3
mirex,air+pm10,pg/m3
mirex,precip,ng/l
molybdenum,aerosol,ng/m3
molybdenum,dried_moss,ug/g
molybdenum,pm10,ng/m3
molybdenum,pm25,ng/m3
molybdenum,precip,ug/l
molybdenum,precip+dry_dep,ng/m2day
monoterpenes,air,pmol/mol
n-butanal,air,ug/m3
n-butane,air,pmol/mol
n-butanol,air,ug/m3
n-decanal,air,ug/m3
n-heptanal,air,ug/m3
n-heptane,air,pmol/mol
n-hexanal,air,ug/m3
n-hexane,air,pmol/mol
n-nonane,air,pmol/mol
n-octanal,air,ug/m3
n-octane,air,pmol/mol
n-pentane,air,pmol/mol
n-propanol,air,ug/m3
n-propylbenzene,air,pmol/mol
n-undecanal,air,ug/m3
naphthalene,aerosol,ng/m3
naphthalene,air,ng/m3
naphthalene,air+aerosol,ng/m3
naphthalene,air+pm10,ng/m3
naphthalene,dried_moss,ng/g
naphthalene,pm10,ng/m3
naphthalene,precip,ng/l
naphthalene,precip+dry_dep,ng/m2day
naphthalene,wetdep,ng/m2day
neodymium,aerosol,ng/m3
neodymium,dried_moss,ug/g
neodymium,pm10,ng/m3
neodymium,pm25,ng/m3
nickel,aerosol,ng/m3
nickel,dried_moss,ug/g
nickel,pm1,ng/m3
nickel,pm10,ng/m3
nickel,pm10_pm25,ng/m3
nickel,pm25,ng/m3
nickel,precip,ug/l
nickel,precip+dry_dep,ng/m2day
nickel,wetdep,ug/m2
nickel_58,aerosol,ng/m3
nickel_58,pm10,ng/m3
nickel_58,precip,ug/l
nickel_60,aerosol,ng/m3
nickel_60,pm10,ng/m3
nickel_60,precip,ug/l
niobium,aerosol,ng/m3
niobium,dried_moss,ug/g
niobium,pm10,ng/m3
niobium,pm25,ng/m3
nitrate,aerosol,ug N/m3
nitrate,pm1,ug N/m3
nitrate,pm10,ug N/m3
nitrate,pm10_pm1,ug N/m3
nitrate,pm10_pm25,ug N/m3
nitrate,pm1_non_refractory,ug N/m3
nitrate,pm25,ug N/m3
nitrate,precip,mg N/l
nitric_acid,air,ug N/m3
nitrite,aerosol,ug N/m3
nitrite,pm1,ug N/m3
nitrogen_dioxide,air,ug N/m3
nitrogen_ion_flow,pm1_non_refractory,1/s
nitrogen_ion_flow_signal,pm1_non_refractory,A
nitrogen_monoxide,air,ug N/m3
nitrogen_trifluoride,air,pmol/mol
nitrous_acid,air,ug N/m3
nonane,air,pmol/mol
o-xylene,air,pmol/mol
octachlorostyrene,aerosol,pg/m3
octachlorostyrene,air,pg/m3
octachlorostyrene,air+aerosol,pg/m3
op_DDD,aerosol,pg/m3
op_DDD,air,pg/m3
op_DDD,air+aerosol,pg/m3
op_DDD,air+pm10,pg/m3
op_DDD,dried_moss,pg/g
op_DDD,precip,ng/l
op_DDD,precip_tot,ng/l
op_DDE,aerosol,pg/m3
op_DDE,air,pg/m3
op_DDE,air+aerosol,pg/m3
op_DDE,air+pm10,pg/m3
op_DDE,dried_moss,pg/g
op_DDE,precip,ng/l
op_DDE,precip_tot,ng/l
op_DDT,aerosol,pg/m3
op_DDT,air,pg/m3
op_DDT,air+aerosol,pg/m3
op_DDT,air+pm10,pg/m3
op_DDT,dried_moss,pg/g
op_DDT,precip,ng/l
op_DDT,precip_tot,ng/l
organic_carbon,aerosol,ug C/m3
organic_carbon,pm1,ug C/m3
organic_carbon,pm10,ug C/m3
organic_carbon,pm10_pm1,ug C/m3
organic_carbon,pm10_pm25,ug C/m3
organic_carbon,pm25,ug C/m3
organic_carbon_corrected,pm10,ug C/m3
organic_carbon_corrected,pm25,ug C/m3
organic_mass,pm1_non_refractory,ug/m3
organic_mass,pm25,ug/m3
oxalate,aerosol,ug/m3
oxalate,pm1,ug/m3
oxalate,pm10,ug/m3
oxalic_acid,precip,mg/l
oxychlordane,aerosol,pg/m3
oxychlordane,air,pg/m3
oxychlordane,air+aerosol,pg/m3
oxychlordane,air+pm10,pg/m3
ozone,air,ug/m3
pH,precip,pH units
pTBX,aerosol,pg/m3
pTBX,air,pg/m3
pTBX,air+aerosol,pg/m3
pTBX,air+pm10,pg/m3
pTBX,pm10,pg/m3
pTBX,pm25,pg/m3
particle_number_concentration,aerosol,1/cm3
particle_number_concentration,pm1,1/cm3
particle_number_concentration,pm10,1/cm3
particle_number_concentration,pm25,1/cm3
particle_number_size_distribution,aerosol,1/cm3
particle_number_size_distribution,pm1,1/cm3
particle_number_size_distribution,pm10,1/cm3
particle_number_size_distribution,pm10_non_volatile,1/cm3
pentachloroanisole,aerosol,pg/m3
pentachloroanisole,air,pg/m3
pentachloroanisole,air+aerosol,pg/m3
pentachlorobenzene,aerosol,pg/m3
pentachlorobenzene,air,pg/m3
pentachlorobenzene,air+aerosol,pg/m3
pentachlorobenzene,air+pm10,pg/m3
pentachlorobenzene,dried_moss,pg/g
pentachlorobenzene,precip,ng/l
pentanal,air,ug/m3
pentenes,air,pmol/mol
perylene,aerosol,ng/m3
perylene,air,ng/m3
perylene,air+aerosol,ng/m3
perylene,pm10,ng/m3
perylene,precip,ng/l
perylene,wetdep,ng/m2day
phenanthrene,aerosol,ng/m3
phenanthrene,air,ng/m3
phenanthrene,air+aerosol,ng/m3
phenanthrene,air+pm10,ng/m3
phenanthrene,dried_moss,ng/g
phenanthrene,pm10,ng/m3
phenanthrene,precip,ng/l
phenanthrene,precip+dry_dep,ng/m2day
phenanthrene,precip_tot,ng/l
phenanthrene,wetdep,ng/m2day
phosphate,pm10,ug/m3
phosphate,pm25,ug/m3
phosphate,precip,mg/l
phosphorus,aerosol,ng/m3
phosphorus,pm1,ng/m3
phosphorus,pm10,ng/m3
phosphorus,pm25,ng/m3
photomirex,aerosol,pg/m3
photomirex,air,pg/m3
photomirex,air+aerosol,pg/m3
platinum,dried_moss,ug/g
pm10_mass,pm10,ug/m3
pm10_mass,pm10_non_volatile,ug/m3
pm10_mass,pm10_volatile,ug/m3
pm10_pm25_mass,pm10_pm25,ug/m3
pm1_mass,pm1,ug/m3
pm25_mass,pm25,ug/m3
pm25_mass,pm25_non_volatile,ug/m3
pm25_mass,pm25_volatile,ug/m3
positive_ion_concentration,aerosol,1/cm3
potassium,aerosol,ug/m3
potassium,dried_moss,ug/g
potassium,pm1,ug/m3
potassium,pm10,ug/m3
potassium,pm10_pm1,ug/m3
potassium,pm10_pm25,ug/m3
potassium,pm25,ug/m3
potassium,precip,mg/l
pp_DDD,aerosol,pg/m3
pp_DDD,air,pg/m3
pp_DDD,air+aerosol,pg/m3
pp_DDD,air+pm10,pg/m3
pp_DDD,dried_moss,pg/g
pp_DDD,precip,ng/l
pp_DDD,precip+dry_dep,ng/m2day
pp_DDD,precip_tot,ng/l
pp_DDE,aerosol,pg/m3
pp_DDE,air,pg/m3
pp_DDE,air+aerosol,pg/m3
pp_DDE,air+pm10,pg/m3
pp_DDE,dried_moss,pg/g
pp_DDE,precip,ng/l
pp_DDE,precip+dry_dep,ng/m2day
pp_DDE,precip_tot,ng/l
pp_DDT,aerosol,pg/m3
pp_DDT,air,pg/m3
pp_DDT,air+aerosol,pg/m3
pp_DDT,air+pm10,pg/m3
pp_DDT,dried_moss,pg/g
pp_DDT,precip,ng/l
pp_DDT,precip+dry_dep,ng/m2day
pp_DDT,precip_tot,ng/l
praseodymium,aerosol,ng/m3
praseodymium,dried_moss,ug/g
praseodymium,pm10,ng/m3
praseodymium,pm25,ng/m3
precipitation_amount,met,mm
precipitation_amount,precip,mm
precipitation_amount,precip_tot,mm
precipitation_amount_off,precip,mm
pressure,aerosol,hPa
pressure,air,hPa
pressure,instrument,hPa
pressure,met,hPa
pressure,pm1,hPa
pressure,pm10,hPa
pressure,pm25,hPa
propanal,air,ug/m3
propane,air,pmol/mol
propanone,air,ug/m3
propene,air,pmol/mol
propyne,air,pmol/mol
pyrene,aerosol,ng/m3
pyrene,air,ng/m3
pyrene,air+aerosol,ng/m3
pyrene,air+pm10,ng/m3
pyrene,dried_moss,ng/g
pyrene,pm10,ng/m3
pyrene,precip,ng/l
pyrene,precip+dry_dep,ng/m2day
pyrene,precip_tot,ng/l
pyrene,wetdep,ng/m2day
reactive_gaseous_mercury,air,pg/m3
reactive_mercury,air+aerosol,pg/m3
reference_beam_signal,aerosol,no unit
reference_beam_signal,pm1,no unit
reference_beam_signal,pm10,no unit
reference_intensity,aerosol,no unit
reference_intensity,pm1,no unit
reference_intensity,pm10,no unit
reference_zero_signal,aerosol,no unit
reference_zero_signal,pm1,no unit
reference_zero_signal,pm10,no unit
relative_humidity,aerosol,%
relative_humidity,air,%
relative_humidity,instrument,%
relative_humidity,met,%
relative_humidity,pm1,%
relative_humidity,pm10,%
relative_humidity,pm25,%
relative_ionization_efficiency,pm1_non_refractory,no unit
retene,aerosol,ng/m3
retene,air,ng/m3
retene,air+aerosol,ng/m3
retene,precip,ng/l
retene,wetdep,ng/m2day
rhodium,dried_moss,ug/g
rubidium,aerosol,ng/m3
rubidium,dried_moss,ug/g
rubidium,pm1,ng/m3
rubidium,pm10,ng/m3
rubidium,pm25,ng/m3
ruthenium,aerosol,ng/m3
ruthenium,pm10,ng/m3
ruthenium,precip,ug/l
samarium,aerosol,ng/m3
samarium,dried_moss,ug/g
samarium,pm10,ng/m3
samarium,pm25,ng/m3
sample_count,aerosol,no unit
sample_count,air,no unit
sample_count,instrument,no unit
sample_intensity,aerosol,no unit
sample_intensity,pm1,no unit
sample_intensity,pm10,no unit
scandium,aerosol,ng/m3
scandium,dried_moss,ug/g
scandium,pm10,ng/m3
scandium,pm25,ng/m3
scandium,precip,ug/l
scandium,wetdep,ug/m2
selenium,aerosol,ng/m3
selenium,dried_moss,ug/g
selenium,pm1,ng/m3
selenium,pm10,ng/m3
selenium,pm25,ng/m3
selenium,precip,ug/l
sensing_beam_signal,aerosol,no unit
sensing_beam_signal,pm1,no unit
sensing_beam_signal,pm10,no unit
sensing_zero_signal,aerosol,no unit
sensing_zero_signal,pm1,no unit
sensing_zero_signal,pm10,no unit
silicon,aerosol,ug/m3
silicon,pm10,ug/m3
silicon,pm25,ug/m3
silver,dried_moss,ug/g
sodium,aerosol,ug/m3
sodium,dried_moss,ug/g
sodium,pm1,ug/m3
sodium,pm10,ug/m3
sodium,pm10_pm1,ug/m3
sodium,pm10_pm25,ug/m3
sodium,pm25,ug/m3
sodium,precip,mg/l
sodium,wetdep,ug/m2
status,instrument,no unit
strontium,aerosol,ng/m3
strontium,dried_moss,ug/g
strontium,pm1,ng/m3
strontium,pm10,ng/m3
strontium,pm25,ng/m3
strontium,precip,ug/l
strontium,precip+dry_dep,ng/m2day
styrene,air,ug/m3
sucrose,aerosol,ng/m3
sucrose,pm10,ng/m3
sucrose,pm25,ng/m3
sulfur_hexafluoride,air,pmol/mol
sulfuryl_fluoride,air,pmol/mol
sulphate_corrected,aerosol,ug S/m3
sulphate_corrected,pm1,ug S/m3
sulphate_corrected,pm10,ug S/m3
sulphate_corrected,pm25,ug S/m3
sulphate_corrected,precip,mg S/l
sulphate_seasalt,aerosol,ug S/m3
sulphate_total,aerosol,ug S/m3
sulphate_total,pm1,ug S/m3
sulphate_total,pm10,ug S/m3
sulphate_total,pm10_pm1,ug S/m3
sulphate_total,pm10_pm25,ug S/m3
sulphate_total,pm1_non_refractory,ug S/m3
sulphate_total,pm25,ug S/m3
sulphate_total,precip,mg S/l
sulphur,dried_moss,ug/g
sulphur_dioxide,air,ug S/m3
sum_DDE,air+aerosol,pg/m3
sum_DDE,precip,ng/l
sum_DDT,air+aerosol,pg/m3
sum_DDT,precip,ng/l
sum_PCB,air+aerosol,pg/m3
sum_PCB,precip,ng/l
sum_TDE,air+aerosol,pg/m3
sum_TDE,precip,ng/l
sum_ammonia_and_ammonium,air+aerosol,ug N/m3
sum_heptachlor_PCB,air+aerosol,pg/m3
sum_hexachlor_PCB,air+aerosol,pg/m3
sum_nitric_acid_and_nitrate,air+aerosol,ug N/m3
sum_pentachlor_PCB,air+aerosol,pg/m3
sum_propanone_propanal,air,pmol/mol
sum_tetrachlor_PCB,air+aerosol,pg/m3
sum_trichlor_PCB,air+aerosol,pg/m3
susp_part_matter,aerosol,ug/m3
syn_DP,aerosol,pg/m3
syn_DP,air,pg/m3
syn_DP,air+aerosol,pg/m3
syn_DP,air+pm10,pg/m3
syn_DP,pm10,pg/m3
syn_DP,pm25,pg/m3
tantalum,aerosol,ng/m3
tantalum,dried_moss,ug/g
tantalum,pm10,ng/m3
tantalum,pm25,ng/m3
tellurium,dried_moss,ug/g
temperature,aerosol,K
temperature,air,K
temperature,instrument,K
temperature,met,deg C
temperature,pm1,K
temperature,pm10,K
temperature,pm25,K
terbium,aerosol,ng/m3
terbium,dried_moss,ug/g
terbium,pm10,ng/m3
terbium,pm25,ng/m3
tetrachloroethene,air,pmol/mol
tetrachloroveratrole,aerosol,pg/m3
tetrachloroveratrole,air,pg/m3
tetrachloroveratrole,air+aerosol,pg/m3
thallium,aerosol,ng/m3
thallium,dried_moss,ug/g
thallium,pm1,ng/m3
thallium,pm10,ng/m3
thallium,pm25,ng/m3
thallium,precip,ug/l
thorium,aerosol,ng/m3
thorium,dried_moss,ug/g
thorium,pm1,ng/m3
thorium,pm10,ng/m3
thorium,pm25,ng/m3
thulium,aerosol,ng/m3
thulium,dried_moss,ug/g
thulium,pm10,ng/m3
thulium,pm25,ng/m3
tin,aerosol,ng/m3
tin,pm1,ng/m3
tin,pm10,ng/m3
tin,pm25,ng/m3
tin,precip,ug/l
tin,precip+dry_dep,ng/m2day
titanium,aerosol,ng/m3
titanium,dried_moss,ug/g
titanium,pm1,ng/m3
titanium,pm10,ng/m3
titanium,pm25,ng/m3
titanium,precip,ug/l
titanium,precip+dry_dep,ng/m2day
titanium,wetdep,ug/m2
toluene,air,pmol/mol
total_carbon,aerosol,ug C/m3
total_carbon,pm1,ug C/m3
total_carbon,pm10,ug C/m3
total_carbon,pm10_pm1,ug C/m3
total_carbon,pm10_pm25,ug C/m3
total_carbon,pm25,ug C/m3
total_carbon_corrected,pm1,ug C/m3
total_carbon_corrected,pm10,ug C/m3
total_carbon_corrected,pm25,ug C/m3
total_gaseous_mercury,air,ng/m3
trans-2-butene,air,pmol/mol
trans-2-pentene,air,pmol/mol
trans_CD,aerosol,pg/m3
trans_CD,air,pg/m3
trans_CD,air+aerosol,pg/m3
trans_CD,air+pm10,pg/m3
trans_CD,precip,ng/l
trans_NO,aerosol,pg/m3
trans_NO,air,pg/m3
trans_NO,air+aerosol,pg/m3
trans_NO,air+pm10,pg/m3
trans_NO,precip,ng/l
transmittance,aerosol,no unit
transmittance,pm1,no unit
transmittance,pm10,no unit
trehalose,aerosol,ng/m3
trehalose,pm10,ng/m3
trehalose,pm25,ng/m3
trichloroethane,air,pmol/mol
trichloroethene,air,pmol/mol
trichloromethane,air,pmol/mol
trichloroveratrole,aerosol,pg/m3
trichloroveratrole,air,pg/m3
trichloroveratrole,air+aerosol,pg/m3
triclosan,air+aerosol,pg/m3
trifluralin,aerosol,pg/m3
trifluralin,air,pg/m3
trifluralin,air+aerosol,pg/m3
triphenylene,air+aerosol,ng/m3
tungsten,aerosol,ng/m3
tungsten,dried_moss,ug/g
tungsten,pm10,ng/m3
tungsten,pm25,ng/m3
tungsten,precip,ug/l
txph-26,precip,ng/l
txph-50,precip,ng/l
txph-62,precip,ng/l
txph_26,air+aerosol,pg/m3
txph_50,air+aerosol,pg/m3
txph_62,air+aerosol,pg/m3
unresolved_C6_hydrocarbons,air,pmol/mol
uranium,aerosol,ng/m3
uranium,dried_moss,ug/g
uranium,pm1,ng/m3
uranium,pm10,ng/m3
uranium,pm25,ng/m3
uranium,precip,ug/l
uranium,precip+dry_dep,ng/m2day
valeraldehyde_o-tolualdehyde,air,ug/m3
vanadium,aerosol,ng/m3
vanadium,dried_moss,ug/g
vanadium,pm1,ng/m3
vanadium,pm10,ng/m3
vanadium,pm10_pm25,ng/m3
vanadium,pm25,ng/m3
vanadium,precip,ug/l
vanadium,precip+dry_dep,ng/m2day
voc_complete,air,pmol/mol
water_vapor,air,umol/mol
water_vapor,instrument,umol/mol
wind_direction,met,deg
wind_gust,met,m/s
wind_speed,met,m/s
ytterbium,aerosol,ng/m3
ytterbium,dried_moss,ug/g
ytterbium,pm10,ng/m3
ytterbium,pm25,ng/m3
yttrium,aerosol,ng/m3
yttrium,dried_moss,ug/g
yttrium,pm10,ng/m3
yttrium,pm25,ng/m3
zinc,aerosol,ng/m3
zinc,dried_moss,ug/g
zinc,pm1,ng/m3
zinc,pm10,ng/m3
zinc,pm10_pm25,ng/m3
zinc,pm25,ng/m3
zinc,precip,ug/l
zinc,precip+dry_dep,ng/m2day
zinc,wetdep,ug/m2
zirconium,aerosol,ng/m3
zirconium,dried_moss,ug/g
zirconium,pm10,ng/m3
zirconium,pm25,ng/m3
